artiste	details	link
Nelson	Lorem Ipsum 	http://www.youtube.com
Tuna Pop	Lorem Ipsum 	http://www.youtube.com
Joshua Alexis	Lorem Ipsum 	http://www.youtube.com
Kulture	Lorem Ipsum 	http://www.youtube.com
Jamiel	Lorem Ipsum 	http://www.youtube.com
Pam & Fatt	Lorem Ipsum 	http://www.youtube.com
Matt	Lorem Ipsum 	http://www.youtube.com
Sofia & Fatt	Lorem Ipsum 	http://www.youtube.com
Sugarlove	Lorem Ipsum 	http://www.youtube.com
Faisal	Lorem Ipsum 	http://www.youtube.com
Greg Lyons and 10 piece band, Omniform	Lorem Ipsum 	http://www.youtube.com
Ayaschool	Lorem Ipsum 	http://www.youtube.com
Shades	Lorem Ipsum 	http://www.youtube.com
Tonelab	Lorem Ipsum 	http://www.youtube.com
Lydia Low and DJ Tovan	Lorem Ipsum 	http://www.youtube.com
Inertia (Acoustic) & DJ Tovan	Lorem Ipsum 	http://www.youtube.com
Tabula (Acoustic) & DJ Tovan	Lorem Ipsum 	http://www.youtube.com
Tabula (Full Band) and DJ Tovan	Lorem Ipsum 	http://www.youtube.com
Crazy Elephant Band	Lorem Ipsum 	http://www.youtube.com
Jam Session	Lorem Ipsum 	http://www.youtube.com
The 50s Rock & Roll	Lorem Ipsum 	http://www.youtube.com
Presidents Young Performers Concert	Lorem Ipsum 	http://www.youtube.com
Colours of the Wind东西双笛韵	Lorem Ipsum 	http://www.youtube.com
Sparks Goes POP! Sparks流行风!	Lorem Ipsum 	http://www.youtube.com
The Tryst	Lorem Ipsum 	http://www.youtube.com
Dejavu	Lorem Ipsum 	http://www.youtube.com
Wanyue	Lorem Ipsum 	http://www.youtube.com
Singapore Char Siew Bao	Lorem Ipsum 	http://www.youtube.com
Shimona	Lorem Ipsum 	http://www.youtube.com
Howie + Nelson	Lorem Ipsum 	http://www.youtube.com
Timmy! Band	Lorem Ipsum 	http://www.youtube.com
Pennylane Band	Lorem Ipsum 	http://www.youtube.com
Victor Tang	Lorem Ipsum 	http://www.youtube.com
Dawn Ho & Munir Alsagoff	Lorem Ipsum 	http://www.youtube.com
Lily Nuris & Wayne Sandz	Lorem Ipsum 	http://www.youtube.com
Wayne Sandz & Joe	Lorem Ipsum 	http://www.youtube.com
Carlos	Lorem Ipsum 	http://www.youtube.com
Alemay & Shawn Letts	Lorem Ipsum 	http://www.youtube.com
Jive Talkin'	Lorem Ipsum 	http://www.youtube.com
Surath & Rene	Lorem Ipsum 	http://www.youtube.com
53A	Lorem Ipsum 	http://www.youtube.com
Enigma	Lorem Ipsum 	http://www.youtube.com
Iris Feat. Liza	Lorem Ipsum 	http://www.youtube.com
Goodfellas	Lorem Ipsum 	http://www.youtube.com
Pam & Chris	Lorem Ipsum 	http://www.youtube.com
Fatt, Shili & Adi	Lorem Ipsum 	http://www.youtube.com
Liza & Joey	Lorem Ipsum 	http://www.youtube.com
Alicia Pan & Adrian	Lorem Ipsum 	http://www.youtube.com
Michaela Therese	Lorem Ipsum 	http://www.youtube.com
Raw Earth	Lorem Ipsum 	http://www.youtube.com
Timbre Academy All Stars 	Lorem Ipsum 	http://www.youtube.com
Three	Lorem Ipsum 	http://www.youtube.com
Hush	Lorem Ipsum 	http://www.youtube.com
Tabula	Lorem Ipsum 	http://www.youtube.com
Ngak	Lorem Ipsum 	http://www.youtube.com
Timmy	Lorem Ipsum 	http://www.youtube.com
The Unexpected	Lorem Ipsum 	http://www.youtube.com
The Common People	Lorem Ipsum 	http://www.youtube.com
Jack & Rai	Lorem Ipsum 	http://www.youtube.com
John Molina & Krueger	Lorem Ipsum 	http://www.youtube.com